unweighted unifrac	Df	SumsOfSqs	MeanSqs	F.Model	R2	Pr(>F)
infection_status	1	0.214373417	0.214373417	0.964780067	0.026262508	0.398
symptomatic	1	0.219820089	0.219820089	0.989292624	0.02692977	0.391
cohort	1	0.173748662	0.173748662	0.781949776	0.021285641	0.717
Residuals	34	7.55477484	0.22219926	NA	0.925522082	NA
Total	37	8.162717007	NA	NA	1	NA