weighted unifrac	Df	SumsOfSqs	MeanSqs	F.Model	R2	Pr(>F)
infection_status	1	0.828750031	0.828750031	0.988643356	0.026367667	0.393
symptomatic	1	0.587975737	0.587975737	0.701415728	0.018707147	0.655
cohort	1	1.512636092	1.512636092	1.804473685	0.048126315	0.086
Residuals	34	28.50117878	0.838269964	NA	0.906798871	NA
Total	37	31.43054064	NA	NA	1	NA