Df	SumsOfSqs	MeanSqs	F.Model	R2	Pr(>F)
infection_status	1	195.879930011698	195.879930011698	1.90515371450524	0.0484127210265302	0.038
symptomatic	1	149.188571114877	149.188571114877	1.45102747588415	0.0368727141841427	0.143
group	1	102.420573827423	102.420573827423	0.996155842292878	0.0253137657736964	0.429
Residuals	35	3598.55349109709	102.815814031345	NA	0.889400799015631	NA
Total	38	4046.04256605108	NA	NA	1	NA
