Df	SumsOfSqs	MeanSqs	F.Model	R2	Pr(>F)
infection_status	1	383.763008477954	383.763008477954	1.39514950740011	0.0356035492886786	0.12
symptomatic	1	497.756750099731	497.756750099731	1.80956754394064	0.0461792997095663	0.049
group	1	269.834624421214	269.834624421214	0.980969074726174	0.0250338624050178	0.419
Residuals	35	9627.43077031121	275.06945058032	NA	0.893183288596737	NA
Total	38	10778.7851533101	NA	NA	1	NA
